{
  "test/integration/pages/RiskObjectPage.js": 1770018344054,
  "test/integration/opaTests.qunit.js": 1770018343970,
  "test/integration/pages/RiskList.js": 1770018344054,
  "test/integration/pages/JourneyRunner.js": 1770018344254,
  "i18n/i18n.properties": 1770018341706,
  "test/integration/FirstJourney.js": 1770018344106,
  "test/testsuite.qunit.js": 1770018343122,
  "xs-app.json": 1770111521155,
  "manifest.json": 1770111521163,
  "Component.js": 1770018341038,
  "test/integration/opaTests.qunit-dbg.js": 1770018343970,
  "test/integration/opaTests.qunit.js.map": 1770111541019,
  "test/integration/pages/RiskList-dbg.js": 1770018344054,
  "test/integration/pages/RiskList.js.map": 1770111541010,
  "test/integration/pages/JourneyRunner-dbg.js": 1770018344254,
  "test/integration/pages/JourneyRunner.js.map": 1770111541011,
  "test/integration/pages/RiskObjectPage-dbg.js": 1770018344054,
  "test/integration/pages/RiskObjectPage.js.map": 1770111541017,
  "test/integration/FirstJourney-dbg.js": 1770018344106,
  "test/integration/FirstJourney.js.map": 1770111541016,
  "test/testsuite.qunit-dbg.js": 1770018343122,
  "test/testsuite.qunit.js.map": 1770111541015,
  "Component-dbg.js": 1770018341038,
  "Component.js.map": 1770111541017,
  "Component-preload.js": 1770111541236,
  "Component-preload.js.map": 1770111541236,
  "test/integration/opaTests.qunit.html": 1770018343970,
  "test/testsuite.qunit.html": 1770018342782,
  "test/flpSandbox.html": 1770018342782,
  "index.html": 1770018341366
}